E,CASE,value
DHN,integrated,16658691.542214863
DHN,reference,16794129.911204267
WHS,integrated,229795.0286171601
WHS,reference,75951.80575642835
