E,CASE,value
DHN,integrated,103790761.85006969
DHN,reference,105702385.17641574
WHS,integrated,994441.5984133264
WHS,reference,313976.05673345056
