E,CASE,value
DHN,integrated,103848380.70679528
DHN,reference,105702385.17641574
WHS,integrated,1383865.3190821446
WHS,reference,458284.48767064617
