E,CASE,value
DHN,integrated,2488391.858061268
DHN,reference,2508477.635642389
WHS,integrated,211305.16545090987
WHS,reference,70165.0015083122
