E,CASE,value
DHN,integrated,8495270.661200786
DHN,reference,8604356.772966314
WHS,integrated,223286.38617235096
WHS,reference,74143.42942887881
