E,CASE,value
DHN,integrated,-427577828.6694249
DHN,reference,-427577828.66689587
WHS,integrated,962951.4169151196
WHS,reference,962951.4169149752
