E,CASE,value
DHN,integrated,113024155.78775088
DHN,reference,114967207.98605892
WHS,integrated,992860.6861456003
WHS,reference,313976.05673345056
