E,CASE,value
DHN,integrated,103791304.7009988
DHN,reference,105702385.17641574
WHS,integrated,996698.3578791483
WHS,reference,313976.05673345056
