E,CASE,value
DHN,integrated,268649644.1454169
DHN,reference,271408314.95132965
WHS,integrated,1574080.326375048
WHS,reference,488464.7277406881
