E,CASE,value
DHN,integrated,237512.5581301417
DHN,reference,237697.49249800874
WHS,integrated,52419.400295716005
WHS,reference,15170.21531623211
