E,CASE,value
DHN,integrated,29114372.689036187
DHN,reference,29742466.444205135
WHS,integrated,1087079.9294585888
WHS,reference,334451.9682720755
