E,CASE,value
DHN,integrated,105702385.17547712
DHN,reference,105702385.17641574
WHS,integrated,458284.48767064617
WHS,reference,458284.48767064617
