E,CASE,value
DHN,integrated,2508477.635642389
DHN,reference,2508477.635642389
WHS,integrated,70165.0015083122
WHS,reference,70165.0015083122
