E,CASE,value
DHN,integrated,14413128.808623683
DHN,reference,14413128.808623705
WHS,integrated,75951.80575642652
WHS,reference,75951.80575642835
