E,CASE,value
DHN,integrated,103962219.7723179
DHN,reference,105702385.17641574
WHS,integrated,1320061.7522698548
WHS,reference,458284.48767064617
