E,CASE,value
DHN,integrated,2498050.5823389506
DHN,reference,2508477.635642389
WHS,integrated,200172.62021649032
WHS,reference,70165.0015083122
