E,CASE,value
DHN,integrated,8505793.401598725
DHN,reference,8604356.772966314
WHS,integrated,211522.6141462799
WHS,reference,74143.42942887881
