E,CASE,value
DHN,integrated,113071501.82797863
DHN,reference,114967207.98605892
WHS,integrated,1333447.9873290753
WHS,reference,423494.5642162798
