E,CASE,value
DHN,integrated,2214255.5906440215
DHN,reference,2219527.06344275
WHS,integrated,149676.48613551003
WHS,reference,33566.701726410756
