E,CASE,value
DHN,integrated,16658750.835350674
DHN,reference,16794129.911204267
WHS,integrated,229466.1586989226
WHS,reference,75951.80575642835
