E,CASE,value
DHN,integrated,-436141859.5379506
DHN,reference,-436141859.535833
WHS,integrated,962951.416915106
WHS,reference,962951.4169149752
