E,CASE,value
DHN,integrated,113143980.93959041
DHN,reference,114967207.98605892
WHS,integrated,944425.0896492134
WHS,reference,313976.05673345056
