E,CASE,value
DHN,integrated,136565382.18633968
DHN,reference,138914241.2653793
WHS,integrated,1020480.1622974938
WHS,reference,313976.05673345056
