E,CASE,value
DHN,integrated,136567925.8276864
DHN,reference,138914241.2653793
WHS,integrated,1018116.5713719381
WHS,reference,313976.05673345056
