E,CASE,value
DHN,integrated,113066300.84736598
DHN,reference,114967207.98605892
WHS,integrated,1336930.3119603936
WHS,reference,423494.5642162798
