E,CASE,value
DHN,integrated,16658744.841703782
DHN,reference,16794129.911204267
WHS,integrated,231349.0913430558
WHS,reference,75951.80575642835
