E,CASE,value
DHN,integrated,103961829.9322854
DHN,reference,105702385.17641574
WHS,integrated,1319309.4996084939
WHS,reference,458284.48767064617
