E,CASE,value
DHN,integrated,113069591.53310853
DHN,reference,114967207.98605892
WHS,integrated,1335057.0776442254
WHS,reference,423494.5642162798
