E,CASE,value
DHN,integrated,2214255.5906440215
DHN,reference,2219527.06344275
WHS,integrated,149771.69301180678
WHS,reference,33566.701726410756
