E,CASE,value
DHN,integrated,16658750.835350672
DHN,reference,16794129.911204267
WHS,integrated,229759.09956794878
WHS,reference,75951.80575642835
