E,CASE,value
DHN,integrated,137207614.70675606
DHN,reference,138914241.2653793
WHS,integrated,1586738.729903366
WHS,reference,663598.2403217506
