E,CASE,value
DHN,integrated,15310037.570816755
DHN,reference,15627146.349492792
WHS,integrated,790386.9553233215
WHS,reference,334451.9682720755
