E,CASE,value
DHN,integrated,8493045.840664156
DHN,reference,8604356.772966314
WHS,integrated,232531.06552509376
WHS,reference,74143.42942887881
