E,CASE,value
DHN,integrated,113071295.62973909
DHN,reference,114967207.98605892
WHS,integrated,1332083.1649202697
WHS,reference,423494.5642162798
