E,CASE,value
DHN,integrated,268650120.19443905
DHN,reference,271408314.95132965
WHS,integrated,1573572.9382860959
WHS,reference,488464.7277406881
