E,CASE,value
DHN,integrated,29114657.37670613
DHN,reference,29742466.444205135
WHS,integrated,1086944.0980927132
WHS,reference,334451.9682720755
