E,CASE,value
DHN,integrated,113182872.49151482
DHN,reference,114967207.98605892
WHS,integrated,1272372.5265641878
WHS,reference,423494.5642162798
