E,CASE,value
DHN,integrated,2214472.2932274295
DHN,reference,2219527.06344275
WHS,integrated,145258.66742404958
WHS,reference,33566.701726410756
