E,CASE,value
DHN,integrated,16659876.15544682
DHN,reference,16794129.911204267
WHS,integrated,216990.96702041826
WHS,reference,75951.80575642835
