E,CASE,value
DHN,integrated,137204417.40498358
DHN,reference,138914241.2653793
WHS,integrated,1588043.9329457297
WHS,reference,663598.2403217506
