E,CASE,value
DHN,integrated,15309139.837850727
DHN,reference,15627146.349492792
WHS,integrated,791157.3767266385
WHS,reference,334451.9682720755
