E,CASE,value
DHN,integrated,103919519.39899847
DHN,reference,105702385.17641574
WHS,integrated,944192.5729039512
WHS,reference,313976.05673345056
