E,CASE,value
DHN,integrated,103793101.52867703
DHN,reference,105702385.17641574
WHS,integrated,993203.0477467098
WHS,reference,313976.05673345056
