E,CASE,value
DHN,integrated,224313039.83100677
DHN,reference,226489540.150882
WHS,integrated,435370.86587181356
WHS,reference,138769.91892583398
