E,CASE,value
DHN,integrated,103789574.04092404
DHN,reference,105702385.17641574
WHS,integrated,996481.8801572359
WHS,reference,313976.05673345056
