E,CASE,value
DHN,integrated,113018770.30868183
DHN,reference,114967207.98605892
WHS,integrated,995446.7054427416
WHS,reference,313976.05673345056
