E,CASE,value
DHN,integrated,20047835.33628324
DHN,reference,20233060.067631193
WHS,integrated,246823.3514967584
WHS,reference,75965.48184126684
