E,CASE,value
DHN,integrated,224315412.86188525
DHN,reference,226489540.150882
WHS,integrated,841169.7623113957
WHS,reference,248360.81692237247
