E,CASE,value
DHN,integrated,7087672.972834318
DHN,reference,7098930.352137236
WHS,integrated,160275.88304464857
WHS,reference,33571.52091821098
