E,CASE,value
DHN,integrated,113020826.40230675
DHN,reference,114967207.98605892
WHS,integrated,993768.9374461947
WHS,reference,313976.05673345056
