E,CASE,value
DHN,integrated,221631395.0398761
DHN,reference,223772085.2548591
WHS,integrated,435370.86587181385
WHS,reference,138769.91892583398
