E,CASE,value
DHN,integrated,114967207.98500471
DHN,reference,114967207.98605892
WHS,integrated,423494.56422047695
WHS,reference,423494.5642162798
