E,CASE,value
DHN,integrated,2219527.063442743
DHN,reference,2219527.06344275
WHS,integrated,33566.701726340056
WHS,reference,33566.701726410756
