E,CASE,value
DHN,integrated,16794129.911203526
DHN,reference,16794129.911204267
WHS,integrated,75951.80575634154
WHS,reference,75951.80575642835
