E,CASE,value
DHN,integrated,103783182.17827009
DHN,reference,105702385.17641574
WHS,integrated,1115703.6797797387
WHS,reference,458284.48767064617
