E,CASE,value
DHN,integrated,2486880.8671432748
DHN,reference,2508477.635642389
WHS,integrated,219773.42873494944
WHS,reference,70165.0015083122
