E,CASE,value
DHN,integrated,8492938.952947091
DHN,reference,8604356.772966314
WHS,integrated,232234.8087147644
WHS,reference,74143.42942887881
