E,CASE,value
DHN,integrated,137205164.29651135
DHN,reference,138914241.2653793
WHS,integrated,1586007.4105060655
WHS,reference,663598.2403217506
