E,CASE,value
DHN,integrated,56625.045192013844
DHN,reference,56625.045192013844
WHS,integrated,15170.215316231686
WHS,reference,15170.21531623211
