E,CASE,value
DHN,integrated,113072073.22647013
DHN,reference,114967207.98605892
WHS,integrated,1331700.2142029768
WHS,reference,423494.5642162798
