E,CASE,value
DHN,integrated,16658752.31575215
DHN,reference,16794129.911204267
WHS,integrated,229615.02862698075
WHS,reference,75951.80575642835
