E,CASE,value
DHN,integrated,103911052.8088466
DHN,reference,105702385.17641574
WHS,integrated,1073784.1236883192
WHS,reference,458284.48767064617
