E,CASE,value
DHN,integrated,2497087.5180327343
DHN,reference,2508477.635642389
WHS,integrated,205868.6191261169
WHS,reference,70165.0015083122
