E,CASE,value
DHN,integrated,8503831.219181366
DHN,reference,8604356.772966314
WHS,integrated,217541.5820662493
WHS,reference,74143.42942887881
