E,CASE,value
DHN,integrated,113182884.79384515
DHN,reference,114967207.98605892
WHS,integrated,1273416.2903261315
WHS,reference,423494.5642162798
