E,CASE,value
DHN,integrated,2214454.490396668
DHN,reference,2219527.06344275
WHS,integrated,145347.05654618438
WHS,reference,33566.701726410756
