E,CASE,value
DHN,integrated,15627146.349492792
DHN,reference,15627146.349492792
WHS,integrated,334451.9682720755
WHS,reference,334451.9682720755
