E,CASE,value
DHN,integrated,103846183.73325184
DHN,reference,105702385.17641574
WHS,integrated,1386950.0033025132
WHS,reference,458284.48767064617
