E,CASE,value
DHN,integrated,2488683.333672365
DHN,reference,2508477.635642389
WHS,integrated,211386.49723902444
WHS,reference,70165.0015083122
