E,CASE,value
DHN,integrated,8495474.505647205
DHN,reference,8604356.772966314
WHS,integrated,223372.32955669798
WHS,reference,74143.42942887881
