E,CASE,value
DHN,integrated,113065601.88592681
DHN,reference,114967207.98605892
WHS,integrated,1336793.1203218133
WHS,reference,423494.5642162798
