E,CASE,value
DHN,integrated,2214125.6831622454
DHN,reference,2219527.06344275
WHS,integrated,150016.0564778976
WHS,reference,33566.701726410756
