E,CASE,value
DHN,integrated,16658520.268664274
DHN,reference,16794129.911204267
WHS,integrated,230951.6642486008
WHS,reference,75951.80575642835
