E,CASE,value
DHN,integrated,221633981.38661045
DHN,reference,223772085.2548591
WHS,integrated,902816.1646907933
WHS,reference,283150.9750895875
