E,CASE,value
DHN,integrated,15145104.457446095
DHN,reference,15282510.049566807
WHS,integrated,240931.02499206277
WHS,reference,74143.42942887881
