E,CASE,value
DHN,integrated,103789059.97937076
DHN,reference,105702385.17641574
WHS,integrated,995665.2618415011
WHS,reference,313976.05673345056
