E,CASE,value
DHN,integrated,268647178.9647837
DHN,reference,271408314.95132965
WHS,integrated,435370.86587181024
WHS,reference,138769.91892583398
