E,CASE,value
DHN,integrated,8604356.772966314
DHN,reference,8604356.772966314
WHS,integrated,74143.42942887881
WHS,reference,74143.42942887881
