E,CASE,value
DHN,integrated,103790832.34525251
DHN,reference,105702385.17641574
WHS,integrated,993883.2114774624
WHS,reference,313976.05673345056
