E,CASE,value
DHN,integrated,113067540.63776119
DHN,reference,114967207.98605892
WHS,integrated,1335319.5482352364
WHS,reference,423494.5642162798
