E,CASE,value
DHN,integrated,2214195.6433602306
DHN,reference,2219527.06344275
WHS,integrated,149871.36538440673
WHS,reference,33566.701726410756
