E,CASE,value
DHN,integrated,16658557.87275765
DHN,reference,16794129.911204267
WHS,integrated,230139.81942620798
WHS,reference,75951.80575642835
