E,CASE,value
DHN,integrated,16658572.540981397
DHN,reference,16794129.911204267
WHS,integrated,230138.6507314928
WHS,reference,75951.80575642835
