E,CASE,value
DHN,integrated,8505783.225310288
DHN,reference,8604356.772966314
WHS,integrated,211177.67416787174
WHS,reference,74143.42942887881
