E,CASE,value
DHN,integrated,1564766.882049364
DHN,reference,1564766.882049364
WHS,integrated,70165.00150831035
WHS,reference,70165.0015083122
