E,CASE,value
DHN,integrated,6855403.254247437
DHN,reference,6855403.254247448
WHS,integrated,74143.42942887668
WHS,reference,74143.42942887881
