E,CASE,value
DHN,integrated,-404715072.92107314
DHN,reference,-404715072.9183553
WHS,integrated,962951.416916206
WHS,reference,962951.4169149752
