E,CASE,value
DHN,integrated,113020127.94627401
DHN,reference,114967207.98605892
WHS,integrated,993875.2101207831
WHS,reference,313976.05673345056
