E,CASE,value
DHN,integrated,136577083.4051192
DHN,reference,138914241.2653793
WHS,integrated,1009471.3690946528
WHS,reference,313976.05673345056
