E,CASE,value
DHN,integrated,103782570.4609014
DHN,reference,105702385.17641574
WHS,integrated,1116685.3120075816
WHS,reference,458284.48767064617
