E,CASE,value
DHN,integrated,137050957.15997303
DHN,reference,138914241.2653793
WHS,integrated,1676704.3120187777
WHS,reference,663598.2403217506
