E,CASE,value
DHN,integrated,118981.30641278281
DHN,reference,119724.23598474875
WHS,integrated,41403.13221416182
WHS,reference,15170.21531623211
