E,CASE,value
DHN,integrated,15301835.238745397
DHN,reference,15627146.349492792
WHS,integrated,845702.066969608
WHS,reference,334451.9682720755
