E,CASE,value
DHN,integrated,113068726.5477941
DHN,reference,114967207.98605892
WHS,integrated,1334500.2094069782
WHS,reference,423494.5642162798
