E,CASE,value
DHN,integrated,2214154.4391936576
DHN,reference,2219527.06344275
WHS,integrated,149753.6771826053
WHS,reference,33566.701726410756
