E,CASE,value
DHN,integrated,136877477.36104405
DHN,reference,138914241.2653793
WHS,integrated,1804228.8804083955
WHS,reference,663598.2403217506
