E,CASE,value
DHN,integrated,118870.89761166484
DHN,reference,119724.23598474875
WHS,integrated,43981.121294248944
WHS,reference,15170.21531623211
