E,CASE,value
DHN,integrated,15298209.212685091
DHN,reference,15627146.349492792
WHS,integrated,908315.883748823
WHS,reference,334451.9682720755
