E,CASE,value
DHN,integrated,113181890.32733856
DHN,reference,114967207.98605892
WHS,integrated,1274173.6407226135
WHS,reference,423494.5642162798
