E,CASE,value
DHN,integrated,2214445.605043418
DHN,reference,2219527.06344275
WHS,integrated,145448.04413648183
WHS,reference,33566.701726410756
