E,CASE,value
DHN,integrated,16660065.303230137
DHN,reference,16794129.911204267
WHS,integrated,217858.4492228429
WHS,reference,75951.80575642835
