E,CASE,value
DHN,integrated,2214174.2279232824
DHN,reference,2219527.06344275
WHS,integrated,149558.0814926311
WHS,reference,33566.701726410756
