E,CASE,value
DHN,integrated,113179131.15003948
DHN,reference,114967207.98605892
WHS,integrated,1275341.2763861464
WHS,reference,423494.5642162798
