E,CASE,value
DHN,integrated,2214454.490396668
DHN,reference,2219527.06344275
WHS,integrated,145640.16777521052
WHS,reference,33566.701726410756
