E,CASE,value
DHN,integrated,16659812.789439026
DHN,reference,16794129.911204267
WHS,integrated,218003.9774369951
WHS,reference,75951.80575642835
