E,CASE,value
DHN,integrated,113144574.89882329
DHN,reference,114967207.98605892
WHS,integrated,943864.8205108634
WHS,reference,313976.05673345056
