E,CASE,value
DHN,integrated,221632019.71153885
DHN,reference,223772085.2548591
WHS,integrated,586713.4765582908
WHS,reference,283150.9750895875
