E,CASE,value
DHN,integrated,7816384.131427444
DHN,reference,7847610.729143286
WHS,integrated,228666.36948870204
WHS,reference,70165.0015083122
