E,CASE,value
DHN,integrated,15145098.2094308
DHN,reference,15282510.049566807
WHS,integrated,241631.9883772345
WHS,reference,74143.42942887881
