E,CASE,value
DHN,integrated,103787345.79179072
DHN,reference,105702385.17641574
WHS,integrated,1113398.1904827696
WHS,reference,458284.48767064617
