E,CASE,value
DHN,integrated,2487062.8744173585
DHN,reference,2508477.635642389
WHS,integrated,219076.5746095761
WHS,reference,70165.0015083122
