E,CASE,value
DHN,integrated,8493133.820800016
DHN,reference,8604356.772966314
WHS,integrated,231498.44224207604
WHS,reference,74143.42942887881
