E,CASE,value
DHN,integrated,119724.23598474875
DHN,reference,119724.23598474875
WHS,integrated,15170.21531623211
WHS,reference,15170.21531623211
