E,CASE,value
DHN,integrated,136574695.69979143
DHN,reference,138914241.2653793
WHS,integrated,1011039.2759562975
WHS,reference,313976.05673345056
