E,CASE,value
DHN,integrated,113018729.48854649
DHN,reference,114967207.98605892
WHS,integrated,996847.175844097
WHS,reference,313976.05673345056
