E,CASE,value
DHN,integrated,103910903.32422288
DHN,reference,105702385.17641574
WHS,integrated,1075450.0145245187
WHS,reference,458284.48767064617
