E,CASE,value
DHN,integrated,2497087.65957029
DHN,reference,2508477.635642389
WHS,integrated,206100.03426973114
WHS,reference,70165.0015083122
