E,CASE,value
DHN,integrated,8503995.085436594
DHN,reference,8604356.772966314
WHS,integrated,217786.1186870772
WHS,reference,74143.42942887881
