E,CASE,value
DHN,integrated,-436141859.5379504
DHN,reference,-436141859.535833
WHS,integrated,1107259.8478521758
WHS,reference,1107259.8478521756
