E,CASE,value
DHN,integrated,6855403.254247448
DHN,reference,6855403.254247448
WHS,integrated,74143.42942887881
WHS,reference,74143.42942887881
