E,CASE,value
DHN,integrated,137204958.70493117
DHN,reference,138914241.2653793
WHS,integrated,1587513.9721110836
WHS,reference,663598.2403217506
