E,CASE,value
DHN,integrated,119315.3582101485
DHN,reference,119724.23598474875
WHS,integrated,38464.09635623745
WHS,reference,15170.21531623211
