E,CASE,value
DHN,integrated,15309139.837850723
DHN,reference,15627146.349492792
WHS,integrated,790976.2264089135
WHS,reference,334451.9682720755
