E,CASE,value
DHN,integrated,-404715072.9210683
DHN,reference,-404715072.9183553
WHS,integrated,1312573.600503528
WHS,reference,1312573.6005032775
