E,CASE,value
DHN,integrated,15918860.724186847
DHN,reference,15918860.724186847
WHS,integrated,334451.9682720638
WHS,reference,334451.9682720755
