E,CASE,value
DHN,integrated,113183064.3212656
DHN,reference,114967207.98605892
WHS,integrated,1273111.243469814
WHS,reference,423494.5642162798
