E,CASE,value
DHN,integrated,16660096.92906374
DHN,reference,16794129.911204267
WHS,integrated,217676.20560536342
WHS,reference,75951.80575642835
