E,CASE,value
DHN,integrated,136569834.95751908
DHN,reference,138914241.2653793
WHS,integrated,1015079.6489005124
WHS,reference,313976.05673345056
