E,CASE,value
DHN,integrated,103912048.05049552
DHN,reference,105702385.17641574
WHS,integrated,1076326.3302286754
WHS,reference,458284.48767064617
