E,CASE,value
DHN,integrated,2497087.7931566136
DHN,reference,2508477.635642389
WHS,integrated,206218.76647793344
WHS,reference,70165.0015083122
