E,CASE,value
DHN,integrated,8504197.407176843
DHN,reference,8604356.772966314
WHS,integrated,217911.5831338859
WHS,reference,74143.42942887881
