E,CASE,value
DHN,integrated,138914241.26410374
DHN,reference,138914241.2653793
WHS,integrated,663598.2403217605
WHS,reference,663598.2403217506
