E,CASE,value
DHN,integrated,136702713.85828575
DHN,reference,138914241.2653793
WHS,integrated,966130.7900079432
WHS,reference,313976.05673345056
