E,CASE,value
DHN,integrated,136571918.74744466
DHN,reference,138914241.2653793
WHS,integrated,1013273.4966351769
WHS,reference,313976.05673345056
