E,CASE,value
DHN,integrated,15308390.577014403
DHN,reference,15627146.349492792
WHS,integrated,790592.0534076082
WHS,reference,334451.9682720755
