E,CASE,value
DHN,integrated,-427577828.6694248
DHN,reference,-427577828.66689587
WHS,integrated,1072469.9243978101
WHS,reference,1072469.92439781
