E,CASE,value
DHN,integrated,1474550.082118993
DHN,reference,1474550.0821189932
WHS,integrated,33566.701726410756
WHS,reference,33566.701726410756
