E,CASE,value
DHN,integrated,103961357.9095813
DHN,reference,105702385.17641574
WHS,integrated,1319651.2633502148
WHS,reference,458284.48767064617
