E,CASE,value
DHN,integrated,2498186.2487526266
DHN,reference,2508477.635642389
WHS,integrated,199935.0442489313
WHS,reference,70165.0015083122
