E,CASE,value
DHN,integrated,8505831.158555806
DHN,reference,8604356.772966314
WHS,integrated,211271.56737643998
WHS,reference,74143.42942887881
